<?xml version="1.0" encoding="UTF-8"?>
<beans xmlns="http://www.springframework.org/schema/beans"
	xmlns:xsi="http://www.w3.org/2001/XMLSchema-instance"
	xmlns:context="http://www.springframework.org/schema/context"
	xsi:schemaLocation="http://www.springframework.org/schema/beans https://www.springframework.org/schema/beans/spring-beans.xsd
		http://www.springframework.org/schema/context http://www.springframework.org/schema/context/spring-context-4.3.xsd">
	
	<!-- Root Context: defines shared resources visible to all other web components -->
		
	<!-- DataSource 설정 -->
	<bean id="dataSource" class="org.apache.commons.dbcp2.BasicDataSource"
		destroy-method="close">
		<property name="driverClassName" value="oracle.jdbc.OracleDriver" />
		<property name="url" value="jdbc:oracle:thin:@localhost:1521:xe" />
		<property name="username" value="CABBAGE_MARKET" />
		<property name="password" value="cmpw" />
	</bean>
		
	<!-- 스프링-마이바티스 연동 설정 -->
	<bean id="sqlSessionFactory" class="org.mybatis.spring.SqlSessionFactoryBean">
		<property name="dataSource" ref="dataSource" />
		<property name="configLocation" value="classpath:mybatis-config.xml" />
	</bean>
		
	<bean class="org.mybatis.spring.SqlSessionTemplate">
		<constructor-arg ref="sqlSessionFactory" />
	</bean>
	
	<!-- 이메일 인증 관련 등록 -->
	<bean id="mailSender" class="org.springframework.mail.javamail.JavaMailSenderImpl">
		<property name="host" value="smtp.naver.com"/>
	    <property name="port" value="465"/>
	    <property name="username" value="1301eddie"/>
	    <property name="password" value="tlshqn7256!"/>
	    <!-- 보안연결 SSL과 관련된 설정 -->
	    <property name="javaMailProperties">
		    <props>
		      <prop key="mail.smtp.auth">true</prop>
		      <prop key="mail.smtp.starttls.enable">true</prop>
		      <prop key="mail.smtps.checkserveridentity">true</prop>
		      <prop key="mail.smtps.ssl.trust">*</prop>
		      <prop key="mail.debug">true</prop>
		      <prop key="mail.smtp.socketFactory.class">javax.net.ssl.SSLSocketFactory</prop>
		     </props>
	     </property>
	</bean>
		
</beans>
